,one,two,three
a,-1.5501043826293062,-0.7875618989375076,0.983747658846942
c,-0.4842960625290797,-0.3207034443912971,-0.19705699372108693
e,-0.08267870846091188,-0.8046882766074553,-0.017881105517845917
f,-0.18713508196056666,-0.8289605059398509,-0.5578870146361106
h,2.7455897129715123,0.3675382841351907,-0.7006115834582921
